{
  "S0": 100.0,
  "T_cal": 0.25,
  "calib_mode": "avgcumulants",
  "cumulant_h": 0.001,
  "models": {
    "CGMY": {
      "C": 50.21767221791249,
      "G": 8.135023200366637,
      "M": 8.275184939920223,
      "Y": 0.9187145829385976
    },
    "Kou": {
      "eta1": 29.999999999999982,
      "eta2": 8.00000008675515,
      "lam": 0.5999999986678151,
      "p": 0.24999999999999534,
      "vol": 0.1600130199483247
    },
    "Merton": {
      "lam": 1.4060981978122338,
      "muJ": -0.3798479352051233,
      "sigmaJ": 0.09727960972165176,
      "vol": 0.1570056280678745
    },
    "Vg": {
      "nu": 0.25000001272932987,
      "sigma": 0.13228756645964665,
      "theta": -0.30000000840697527
    }
  },
  "q": 0.0,
  "r": 0.02,
  "target": {
    "exkurt": 10.702102226312252,
    "k2": 0.00999999980623568,
    "skew": -1.7725335843902486
  },
  "target_vol": 0.2
}