{
  "S0": 100.0,
  "T_cal": 0.25,
  "calib_mode": "avgcumulants",
  "cumulant_h": 0.001,
  "models": {
    "CGMY": {
      "C": 0.03235462502542817,
      "G": 1.5000000152773045,
      "M": 10.000000061867855,
      "Y": 1.2999999997416503
    },
    "Kou": {
      "eta1": 29.999999999999932,
      "eta2": 8.000000031300754,
      "lam": 0.5999999979133247,
      "p": 0.2499999999999824,
      "vol": 0.16001301974713691
    },
    "Merton": {
      "lam": 1.3601722108970278,
      "muJ": -0.3401975411491546,
      "sigmaJ": 0.15424639056703876,
      "vol": 0.16763107905190214
    },
    "Vg": {
      "nu": 0.2500000168178731,
      "sigma": 0.13228755282402868,
      "theta": -0.3000000001312864
    }
  },
  "q": 0.0,
  "r": 0.02,
  "target": {
    "exkurt": 14.91186776218676,
    "k2": 0.009999999803871893,
    "skew": -1.7540032763338107
  },
  "target_models": [
    "Merton",
    "Kou",
    "CGMY"
  ],
  "target_vol": 0.2,
  "weights": {
    "w_exkurt": 0.2,
    "w_skew": 1.0,
    "w_var": 1.0
  }
}