{
  "S0": 100.0,
  "T_cal": 0.25,
  "k_max": 0.35,
  "k_min": -0.35,
  "models": {
    "CGMY": {
      "C": 0.05595143991370562,
      "G": 3.377807922033791,
      "M": 22.26402139622885,
      "Y": 1.3
    },
    "Kou": {
      "eta1": 30.0,
      "eta2": 8.0,
      "lam": 0.8649296175972662,
      "p": 0.32045494165321176,
      "vol": 0.1455793485603438
    },
    "Merton": {
      "lam": 0.7581981507509674,
      "muJ": -0.11282397363082158,
      "sigmaJ": 0.11192201736426223,
      "vol": 0.13695958707224987
    },
    "Vg": {
      "nu": 0.16031016886980168,
      "sigma": 0.16876090733355636,
      "theta": -0.23541756800583719
    }
  },
  "nk": 41,
  "q": 0.0,
  "r": 0.02,
  "target_vol": 0.2
}