{
  "S0": 100.0,
  "T_cal": 0.25,
  "calib_weight": "flat",
  "calib_weight_k": 0.18,
  "k_max": 0.6,
  "k_min": -0.6,
  "models": {
    "CGMY": {
      "C": 0.030426087739000136,
      "G": 3.1383798608321065,
      "M": 26.228248475590192,
      "Y": 1.483433192274455
    },
    "Kou": {
      "eta1": 29.989129132617094,
      "eta2": 8.772241653373161,
      "lam": 0.6435185477196693,
      "p": 0.21610673934917665,
      "vol": 0.1552028916290632
    },
    "Merton": {
      "lam": 0.9257415430983804,
      "muJ": -0.1293801580552491,
      "sigmaJ": 0.1078375638774591,
      "vol": 0.12669207798549528
    },
    "Vg": {
      "nu": 0.24910464753457046,
      "sigma": 0.13834502249159764,
      "theta": -0.2948359297739362
    }
  },
  "nk": 61,
  "q": 0.0,
  "r": 0.02,
  "target_vol": 0.2
}