{
  "S0": 100.0,
  "T_cal": 0.25,
  "calib_mode": "avgcumulants",
  "cumulant_h": 0.001,
  "models": {
    "CGMY": {
      "C": 0.03235462582833001,
      "G": 1.5000000521539354,
      "M": 10.000000033750926,
      "Y": 1.2999999989311417
    },
    "Kou": {
      "eta1": 60.88984689925774,
      "eta2": 8.050690771174665,
      "lam": 0.600809804239319,
      "p": 0.16234266569489064,
      "vol": 0.15993030961518914
    },
    "Merton": {
      "lam": 1.3644226553364796,
      "muJ": -0.3399825765647907,
      "sigmaJ": 0.15418500333844742,
      "vol": 0.16773615811289555
    },
    "Vg": {
      "nu": 0.25000007555300446,
      "sigma": 0.1322874828386641,
      "theta": -0.29999999512708575
    }
  },
  "q": 0.0,
  "r": 0.02,
  "target": {
    "exkurt": 17.454538341431093,
    "k2": 0.009868041121400882,
    "skew": -1.2842558714375638
  },
  "target_models": [
    "VG",
    "Merton",
    "Kou",
    "CGMY"
  ],
  "target_vol": 0.2,
  "weights": {
    "w_exkurt": 0.2,
    "w_skew": 1.0,
    "w_var": 1.0
  }
}