{
  "S0": 100.0,
  "T_cal": 0.25,
  "calib_mode": "avgcumulants",
  "cumulant_h": 0.001,
  "iv_penalty": {
    "L": 12.0,
    "N": 2048,
    "k_max": 0.6,
    "k_min": -0.6,
    "nk": 61,
    "target_json": "figs\\calib_params_T025_improved.json",
    "weight": 2.0
  },
  "models": {
    "CGMY": {
      "C": 0.032354989706807266,
      "G": 1.49999560459687,
      "M": 9.999993154075158,
      "Y": 1.2927987814856254
    },
    "Kou": {
      "eta1": 30.0005998034796,
      "eta2": 8.000000064168145,
      "lam": 0.5999999862253047,
      "p": 0.25000106688489604,
      "vol": 0.16001301784850097
    },
    "Merton": {
      "lam": 0.8000003571063825,
      "muJ": -0.08000018406776983,
      "sigmaJ": 0.08000005274626654,
      "vol": 0.1725108872182075
    },
    "VG": {
      "nu": 0.24999997677058428,
      "sigma": 0.13228749484817642,
      "theta": -0.29916891078133717
    }
  },
  "q": 0.0,
  "r": 0.02,
  "target": {
    "exkurt": 17.454538341431093,
    "k2": 0.009868041121400882,
    "skew": -1.2842558714375638
  },
  "target_models": [
    "Merton",
    "Kou",
    "CGMY"
  ],
  "target_vol": 0.2,
  "weights": {
    "w_exkurt": 0.2,
    "w_skew": 1.0,
    "w_var": 1.0
  }
}